id,title,price,address,url,property_type,modifiedAt,active,lat,lng
0,Alugo casa estilo kitnet ,R$ 800,"Rua Torres Homem, Várzea, Recife",https://pe.olx.com.br/grande-recife/imoveis/alugo-casa-estilo-kitnet-1355828350,Casas,19/11/2024 22:03:03,True,-8.03761205,-34.954087425
1,PENSIONATO CIDADE UNIVERSITÁRIA - UFPE,R$ 680,"Rua Deputado Cunha Rabelo, Várzea, Recife",https://pe.olx.com.br/grande-recife/imoveis/pensionato-cidade-universitaria-ufpe-1316924785,Aluguel de quartos,19/11/2024 22:03:03,True,-8.0455847,-34.9478451
2,Quarto privativo - Madalena,R$ 650,"Rua Demócrito de Souza Filho, Madalena, Recife",https://pe.olx.com.br/grande-recife/imoveis/quarto-privativo-madalena-1355931998,Aluguel de quartos,19/11/2024 22:03:03,True,-8.057334,-34.9059977
3,Quarto individual Masculino,R$ 500,"Rua Elpídio Branco, Várzea, Recife",https://pe.olx.com.br/grande-recife/imoveis/quarto-individual-masculino-1355865426,Aluguel de quartos,19/11/2024 22:03:03,True,-8.0403065,-34.9501129
4,"Casa em ótima localização, próximo ao centro!",R$ 750,"Rua Rodrigo Delamare, Várzea, Recife",https://pe.olx.com.br/grande-recife/imoveis/casa-em-otima-localizacao-proximo-ao-centro-1355784536,Casas,19/11/2024 22:03:03,True,-8.034775,-34.9824307
5,Casa próximo a ufpe 600mts ,R$ 950,"Rua Canaã, Cidade Universitária, Recife",https://pe.olx.com.br/grande-recife/imoveis/casa-proximo-a-ufpe-600mts-1129224132,Casas,19/11/2024 22:03:03,True,-8.0148472,-34.9238903
6,Casa para Alugar - Próximo ao Centro,R$ 500,"Vila Assunção, Iputinga, Recife",https://pe.olx.com.br/grande-recife/imoveis/casa-para-alugar-proximo-ao-centro-1355680531,Casas,19/11/2024 22:03:03,True,-8.0425462,-34.9355396
7,Salas Aluguel Cidade Universitária Várzea,R$ 800,"Rua Visconde de Barbacena, Várzea, Recife",https://pe.olx.com.br/grande-recife/imoveis/salas-aluguel-cidade-universitaria-varzea-1355492941,Aluguel de quartos,19/11/2024 22:03:03,True,-8.06667,-34.95
8,Aluguel de casa,R$ 850,"Rua Guerra dos Mascates, Torrões, Recife",https://pe.olx.com.br/grande-recife/imoveis/aluguel-de-casa-1355408406,Casas,19/11/2024 22:03:03,True,-8.0554462,-34.9376973
9,Kitnet  na caxangá,R$ 500,"2ª Travessa Cordislândia, Iputinga, Recife",https://pe.olx.com.br/grande-recife/imoveis/kitnet-na-caxanga-1355378286,Aluguel de quartos,19/11/2024 22:03:03,True,-8.042791,-34.929521
10,Aluga-se apartamento ,R$ 1.000,"Rua Desembargador Francisco Luíz, Cordeiro, Recife",https://pe.olx.com.br/grande-recife/imoveis/aluga-se-apartamento-1355360983,Apartamentos,19/11/2024 22:03:03,True,-8.0472249,-34.9232087
11,Quarto em apto Compartilhado,R$ 480,"Rua Mário Pederneiras, Várzea, Recife",https://pe.olx.com.br/grande-recife/imoveis/quarto-em-apto-compartilhado-1355321026,Aluguel de quartos,19/11/2024 22:03:03,True,-8.0486852,-34.9556343
12,Quartos individuais para alunas de mestrado e doutorado próximo a UFPE,R$ 580,"Rua Tomé do Rego Cavalcanti, Várzea, Recife",https://pe.olx.com.br/grande-recife/imoveis/quartos-individuais-para-alunas-de-mestrado-e-doutorado-proximo-a-ufpe-1355301860,Aluguel de quartos,19/11/2024 22:03:03,True,-8.0488251,-34.9551351
13,Loft Derby,R$ 150,"Rua Arlindo Gouveia, Madalena, Recife",https://pe.olx.com.br/grande-recife/imoveis/loft-derby-1355197921,Apartamentos,19/11/2024 22:03:03,True,-8.0570025,-34.904007
14,Aluga-se um kitnet ,R$ 400,"Avenida Melvin Jones, Várzea, Recife",https://pe.olx.com.br/grande-recife/imoveis/aluga-se-um-kitnet-1354774742,Aluguel de quartos,19/11/2024 22:03:03,True,-8.0325201,-34.9568051
15,kitnet próximo a UFPE na Várzea - Recife - PE,R$ 650,"Rua Estevão de Sá, Várzea, Recife",https://pe.olx.com.br/grande-recife/imoveis/kitnet-proximo-a-ufpe-na-varzea-recife-pe-1354617408,Apartamentos,19/11/2024 22:03:03,True,-8.0383139,-34.9476699
16,Aluga-se Quarto mobiliado ao lado da UFPE - Vaga para mulheres ,R$ 900,"Rua Carneiro de Mariz, Engenho do Meio, Recife",https://pe.olx.com.br/grande-recife/imoveis/aluga-se-quarto-mobiliado-ao-lado-da-ufpe-vaga-para-mulheres-1354503830,Aluguel de quartos,19/11/2024 22:03:03,True,-8.0524366,-34.9391165
17,Aluga vaga de quarto na Várzea próximo UFPE e CAXANGÁ,R$ 550,"Rua Frutuoso Gomes, Várzea, Recife",https://pe.olx.com.br/grande-recife/imoveis/aluga-vaga-de-quarto-na-varzea-proximo-ufpe-e-caxanga-1354423036,Aluguel de quartos,19/11/2024 22:03:03,True,-8.0375278,-34.9526308
18,Casa super grande em Dois unidos ,R$ 600,"Rua Reverendo Victor Péster, Passarinho, Recife",https://pe.olx.com.br/grande-recife/imoveis/casa-super-grande-em-dois-unidos-1354373577,Casas,19/11/2024 22:03:03,True,-7.991121,-34.920644
19,Aluguel Flat/Kitnet na Várzea!,R$ 450,"Rua Gastão Vidigal, Várzea, Recife",https://pe.olx.com.br/grande-recife/imoveis/aluguel-flat-kitnet-na-varzea-1354276311,Apartamentos,19/11/2024 22:03:03,True,-8.0321643,-34.9592364
20,Quarto para alugar no Cordeiro ,R$ 650,"Rua Elizeu Cavalcanti, Cordeiro, Recife",https://pe.olx.com.br/grande-recife/imoveis/quarto-para-alugar-no-cordeiro-1354151150,Aluguel de quartos,19/11/2024 22:03:03,True,-8.048964,-34.920872
21,"Aluga-se quarto  para estudantes e sala comercial, próximo a UFPE",R$ 750,"Rua General Polidoro, Várzea, Recife",https://pe.olx.com.br/grande-recife/imoveis/aluga-se-quarto-para-estudantes-e-sala-comercial-proximo-a-ufpe-1250165482,Aluguel de quartos,19/11/2024 22:08:47,True,-8.0373588,-34.9456277
22,Kitnet mobiliado em jardim Petrópolis na várzea ,R$ 1.000,"Rua Jaguaribara, Várzea, Recife",https://pe.olx.com.br/grande-recife/imoveis/kitnet-mobiliado-em-jardim-petropolis-na-varzea-1353898516,Apartamentos,19/11/2024 22:03:03,True,-8.0381959,-34.9666566
23,Kitnet Individual para Estudante UFPE,R$ 750,"Rua Governador Lopo Garro, Cidade Universitária, Recife",https://pe.olx.com.br/grande-recife/imoveis/kitnet-individual-para-estudante-ufpe-1353676606,Aluguel de quartos,19/11/2024 22:03:03,True,-8.0532678,-34.9431024
24,Casa na Várzea ,R$ 800,"Avenida Afonso Olindense, Várzea, Recife",https://pe.olx.com.br/grande-recife/imoveis/casa-na-varzea-1353526853,Casas,19/11/2024 22:03:03,True,-8.0332776,-34.9552448
25,Vendo ou alugo,R$ 380,"Rua Vale do Piauí, Passarinho, Recife",https://pe.olx.com.br/grande-recife/imoveis/vendo-ou-alugo-1353487635,Casas,19/11/2024 22:03:03,True,-11.009881,-41.892123
26,Casa com Sala Ampla,R$ 800,"Rua José de Holanda, Torre, Recife",https://pe.olx.com.br/grande-recife/imoveis/casa-com-sala-ampla-1344808939,Casas,19/11/2024 22:03:03,True,-22.478753,-44.45934
27,KITINETE * EM FRENTE  ao CFCH * UFPE  **** APT com 2 quartos próximo do HC UFPE,R$ 850,"Avenida Professor Artur de Sá, Várzea, Recife",https://pe.olx.com.br/grande-recife/imoveis/kitinete-em-frente-ao-cfch-ufpe--apt-com-2-quartos-proximo-do-hc-ufpe-1150440635,Aluguel de quartos,19/11/2024 22:03:03,True,-8.0463426,-34.9559658
28,Apartamento compartilhado. ,R$ 700,"Rua Engenheiro Leonardo Arcoverde, Madalena, Recife",https://pe.olx.com.br/grande-recife/imoveis/apartamento-compartilhado-1355442139,Apartamentos,19/11/2024 22:03:03,True,-8.0543104,-34.912018
29,Alugo Kitnet e outros imóveis próximos da UFPE,R$ 800,"Avenida Professor Artur de Sá, Várzea, Recife",https://pe.olx.com.br/grande-recife/imoveis/alugo-kitnet-e-outros-imoveis-proximos-da-ufpe-1353319772,Casas,19/11/2024 22:03:03,True,-8.0463426,-34.9559658
30,Apartamento para Alugar,R$ 1.000,"Avenida Professor Estevão Francisco da Costa, Cordeiro, Recife",https://pe.olx.com.br/grande-recife/imoveis/apartamento-para-alugar-1347288035,Casas,19/11/2024 22:03:03,True,-8.0494684,-34.9197342
31,"Aluga-se casa com dois quartos, banheiro, cozinha americana.",R$ 450,"Rua Luiz da Câmara Cascudo, Torrões, Recife",https://pe.olx.com.br/grande-recife/imoveis/aluga-se-casa-com-dois-quartos-banheiro-cozinha-americana-1355289471,Casas,19/11/2024 22:03:03,True,-8.056377,-34.939751
32,Alugo casa na Iputinga poucos metros da av. Caxangá ,R$ 1.000,"Rua David Nasser, Iputinga, Recife",https://pe.olx.com.br/grande-recife/imoveis/alugo-casa-na-iputinga-poucos-metros-da-av-caxanga-1353033132,Casas,19/11/2024 22:03:04,True,-8.0398298,-34.9380784
33,Kitnet para Alugar no Engenho do Meio,R$ 650,"Rua Francisco Bezerra Monteiro, Engenho do Meio, Recife",https://pe.olx.com.br/grande-recife/imoveis/kitnet-para-alugar-no-engenho-do-meio-1352787073,Apartamentos,19/11/2024 22:03:04,True,-8.0546028,-34.9427898
34,Alugam-se kit nets em Recife,R$ 350,"Rua Quatro de Outubro, Prado, Recife",https://pe.olx.com.br/grande-recife/imoveis/alugam-se-kit-nets-em-recife-1352784264,Apartamentos,19/11/2024 22:03:04,True,-8.0558157,-34.9145736
35,aluga apartamento ,R$ 900,"Rua Doutor Correia da Silva, Várzea, Recife",https://pe.olx.com.br/grande-recife/imoveis/aluga-apartamento-1355042983,Apartamentos,19/11/2024 22:03:04,True,-8.0480502,-34.9582279
36,Casa no cordeiro,R$ 600,"Rua Vila do Forte, Cordeiro, Recife",https://pe.olx.com.br/grande-recife/imoveis/casa-no-cordeiro-1352610798,Casas,19/11/2024 22:03:04,True,-8.053444,-34.92977
37,Casa para alugar ,R$ 650,"Rua Guiné, Torrões, Recife",https://pe.olx.com.br/grande-recife/imoveis/casa-para-alugar-1352372827,Casas,19/11/2024 22:03:04,True,-8.0550883,-34.9367558
38,Kitnet na Várzea,R$ 600,"Avenida Afonso Olindense, Várzea, Recife",https://pe.olx.com.br/grande-recife/imoveis/kitnet-na-varzea-1352305544,Aluguel de quartos,19/11/2024 22:03:04,True,-8.0332776,-34.9552448
39,"Alugo loft , apartamento, casa",R$ 850,"Rua Xavier Sobrinho, Prado, Recife",https://pe.olx.com.br/grande-recife/imoveis/alugo-loft-apartamento-casa-1321254473,Apartamentos,19/11/2024 22:03:04,True,-8.0589575,-34.9208872
40,Apartamento 01 quarto no Cordeiro/Iputinga/Caxangá,R$ 900,"Rua Cordislândia, Iputinga, Recife",https://pe.olx.com.br/grande-recife/imoveis/apartamento-01-quarto-no-cordeiro-iputinga-caxanga-1326792696,Apartamentos,19/11/2024 22:03:04,True,-8.0427673,-34.9304204
41,Alugo Ap. 1 quarto no Cordeiro/Caxangá/Iputinga,R$ 900,"Rua Cordislândia, Iputinga, Recife",https://pe.olx.com.br/grande-recife/imoveis/alugo-ap-1-quarto-no-cordeiro-caxanga-iputinga-1352234686,Apartamentos,19/11/2024 22:03:04,True,-8.0427673,-34.9304204
42,Casa no Cordeiro ,R$ 500,"Rua Antônio Machado, Cordeiro, Recife",https://pe.olx.com.br/grande-recife/imoveis/casa-no-cordeiro-1352223547,Casas,19/11/2024 22:03:04,True,-8.0552739,-34.9226611
43,Casa na torre/ vila Santa luzia ,R$ 700,"Rua Tapaua, Torre, Recife",https://pe.olx.com.br/grande-recife/imoveis/casa-na-torre-vila-santa-luzia-1352102357,Casas,19/11/2024 22:03:04,True,-23.4575288,-46.5033936
44,Loft 2 aluguel por diária no Derby.,R$ 150,"Rua Arlindo Gouveia, Madalena, Recife",https://pe.olx.com.br/grande-recife/imoveis/loft-2-aluguel-por-diaria-no-derby-1352036931,Apartamentos,19/11/2024 22:03:04,True,-8.0570025,-34.904007
45,Casa aconchegante com 2 quartos ,R$ 800,"Rua Professora Laura Ferreira da Costa, Cordeiro, Recife",https://pe.olx.com.br/grande-recife/imoveis/casa-aconchegante-com-2-quartos-1351918067,Casas,19/11/2024 22:03:04,True,-8.0551346,-34.9313925
46,Aluguel de quarto na Torre- Recife (somente para meninas),R$ 666,"Rua Visconde de Itaparica, Torre, Recife",https://pe.olx.com.br/grande-recife/imoveis/aluguel-de-quarto-na-torre-recife-somente-para-meninas-1351699611,Aluguel de quartos,19/11/2024 22:03:04,True,-22.8703133,-43.4066793
47,Aluguel kinet na várzea ,R$ 470,"Rua Emiliano Braga, Várzea, Recife",https://pe.olx.com.br/grande-recife/imoveis/aluguel-kinet-na-varzea-1351675886,Apartamentos,19/11/2024 22:03:04,True,-8.0384222,-34.945364
48,Quarto com banheiro para meninas,R$ 502,"Rua Ricardo Salazar, Madalena, Recife",https://pe.olx.com.br/grande-recife/imoveis/quarto-com-banheiro-para-meninas-1351373051,Aluguel de quartos,19/11/2024 22:03:04,True,-8.0578688,-34.9108693
49,Aluga-se um Kitnet próx a UFPE,R$ 780,"Rua das Palmeiras, Cidade Universitária, Recife",https://pe.olx.com.br/grande-recife/imoveis/aluga-se-um-kitnet-prox-a-ufpe-1350624460,Casas,19/11/2024 22:03:04,True,-8.0059656,-34.9312478
50,Republica para estudantes próximo a UFPE,R$ 500,"Rua Pantaleão Cirne, Engenho do Meio, Recife",https://pe.olx.com.br/grande-recife/imoveis/republica-para-estudantes-proximo-a-ufpe-1350429778,Aluguel de quartos,19/11/2024 22:03:04,True,-8.054157,-34.9455465
51,Quarto privativo em casa compartilhada. Perto da FASUP,R$ 600,"Recife, Engenho do Meio",https://pe.olx.com.br/grande-recife/imoveis/quarto-privativo-em-casa-compartilhada-perto-da-fasup-1349965285,Casas,19/11/2024 22:03:04,True,-8.0587836,-34.9458963
52,Aluguel quarto na várzea ,R$ 400,"Rua Padre Champagnat, Várzea, Recife",https://pe.olx.com.br/grande-recife/imoveis/aluguel-quarto-na-varzea-1349918930,Aluguel de quartos,19/11/2024 22:03:04,True,-8.0423004,-34.9477807
53,ALUGO QUARTO EM AP MOBILIADO,R$ 900,"Rua Cardeal Dom Augusto, Cordeiro, Recife",https://pe.olx.com.br/grande-recife/imoveis/alugo-quarto-em-ap-mobiliado-1349867065,Aluguel de quartos,19/11/2024 22:03:04,True,-8.0546303,-34.928864
54,Alugo casa na Iputiga,R$ 700,"Rua Capitão Aurélio de Araújo, Iputinga, Recife",https://pe.olx.com.br/grande-recife/imoveis/alugo-casa-na-iputiga-1349805656,Casas,19/11/2024 22:03:04,True,-8.0401903,-34.9324199
55,Pensionato estudantil UFPE,R$ 600,"Rua Deputado Cunha Rabelo, Várzea, Recife",https://pe.olx.com.br/grande-recife/imoveis/pensionato-estudantil-ufpe-1349788965,Aluguel de quartos,19/11/2024 22:03:04,True,-8.0455847,-34.9478451
56,Kitnet Para Alugar,R$ 850,"Rua Souza Bandeira, Torre, Recife",https://pe.olx.com.br/grande-recife/imoveis/kitnet-para-alugar-1349724790,Apartamentos,19/11/2024 22:03:04,True,-22.8971933,-43.1919463
57,CASA PRA ALUGAR NA VÁRZEA/CDU,R$ 700,"Rua Mário Campelo, Várzea, Recife",https://pe.olx.com.br/grande-recife/imoveis/casa-pra-alugar-na-varzea-cdu-1349721740,Casas,19/11/2024 22:03:04,True,-8.0562238,-34.9589319
58,"1 quarto em prédio novinho, próximo ao Jockey!",R$ 850,"Rua Félix Cavalcante Albuquerque, Prado, Recife",https://pe.olx.com.br/grande-recife/imoveis/1-quarto-em-predio-novinho-proximo-ao-jockey-1349668444,Aluguel de quartos,19/11/2024 22:03:04,True,-8.0573814,-34.9132019
59,Quarto mobiliado ,R$ 550,"Rua Gastão Vidigal, Várzea, Recife",https://pe.olx.com.br/grande-recife/imoveis/quarto-mobiliado-1349391953,Aluguel de quartos,19/11/2024 22:03:04,True,-8.0321643,-34.9592364
60,"Loft Derby, diaria",R$ 150,"Rua Arlindo Gouveia, Madalena, Recife",https://pe.olx.com.br/grande-recife/imoveis/loft-derby-diaria-1349366539,Apartamentos,19/11/2024 22:03:04,True,-8.0570025,-34.904007
61,Aluga se casa parte de cima na caxangar nova morada,R$ 700,"Rua Governador Moura Cavalcanti, Caxangá, Recife",https://pe.olx.com.br/grande-recife/imoveis/aluga-se-casa-parte-de-cima-na-caxangar-nova-morada-1336813862,Casas,19/11/2024 22:03:04,True,-8.0215114,-34.9517423
62,"Casa para alugar, recém reformada",R$ 600,"Rua Engenheiro Florisval Silvestre Neto, Caxangá, Recife",https://pe.olx.com.br/grande-recife/imoveis/casa-para-alugar-recem-reformada-1350713749,Casas,19/11/2024 22:03:04,True,-8.0232572,-34.9506925
63,Alugo Kitnet  próx. A Reitoria da UFPE(ENGENHO DO MEIO).,R$ 700,"Rua Jacaraú, Engenho do Meio, Recife",https://pe.olx.com.br/grande-recife/imoveis/alugo-kitnet-prox-a-reitoria-da-ufpe-engenho-do-meio-1339752285,Aluguel de quartos,19/11/2024 22:03:04,True,-8.0563566,-34.9459553
64,Quartos para estudantes ou pessoas que trabalha em Recife .,R$ 400,"Rua Alexandria, Engenho do Meio, Recife",https://pe.olx.com.br/grande-recife/imoveis/quartos-para-estudantes-ou-pessoas-que-trabalha-em-recife-1347433153,Aluguel de quartos,19/11/2024 22:03:04,True,-8.0629303,-34.9421816
65,"APARTAMENTO NO CORDEIRO, BONGI",R$ 850,"Rua Xavier Sobrinho, Prado, Recife",https://pe.olx.com.br/grande-recife/imoveis/apartamento-no-cordeiro-bongi-1349005680,Apartamentos,19/11/2024 22:03:04,True,-8.0589575,-34.9208872
66,LOCAÇÃO - APARTAMENTO 01 QUARTO NA IPUTINGA,R$ 730,"Rua Pereira Coutinho Filho, Iputinga, Recife",https://pe.olx.com.br/grande-recife/imoveis/locacao-apartamento-01-quarto-na-iputinga-1346582643,Apartamentos,19/11/2024 22:03:04,True,-8.0373592,-34.9321246
67,Vende-se um Excelente Apartamento Portal de são Lourenço.,R$ 600,"Rua Engenheiro Florisval Silvestre Neto, Caxangá, Recife",https://pe.olx.com.br/grande-recife/imoveis/vende-se-um-excelente-apartamento-portal-de-sao-lourenco-1346496132,Aluguel de quartos,19/11/2024 22:03:04,True,-8.0232572,-34.9506925
68,Alugo apto em Rio doce,R$ 500,"Avenida Maurício de Nassau, Iputinga, Recife",https://pe.olx.com.br/grande-recife/imoveis/alugo-apto-em-rio-doce-1346415505,Apartamentos,19/11/2024 22:03:04,True,-8.0350183,-34.9412013
69,Quarto individual para estudante mulher em casa compartilhada a 10 minutos à pé da UFPE ,R$ 600,"Rua Mário Campelo, Várzea, Recife",https://pe.olx.com.br/grande-recife/imoveis/quarto-individual-para-estudante-mulher-em-casa-compartilhada-a-10-minutos-a-pe-da-ufpe-1346163339,Aluguel de quartos,19/11/2024 22:03:04,True,-8.0562238,-34.9589319
70,Casa para estudante - Várzea,R$ 799,"Rua Cairbar Schutel, Várzea, Recife",https://pe.olx.com.br/grande-recife/imoveis/casa-para-estudante-varzea-1346149619,Casas,19/11/2024 22:03:04,True,-8.0437033,-34.9523116
71,Vaga para meninas em apartamento universitário ,R$ 434,"Rua Orós, Cordeiro, Recife",https://pe.olx.com.br/grande-recife/imoveis/vaga-para-meninas-em-apartamento-universitario-1346102943,Aluguel de quartos,19/11/2024 22:03:04,True,-8.0464936,-34.9236637
72,Kitnet com ou sem móveis no bairro do Cordeiro.,R$ 600,"Avenida General San Martin, Cordeiro, Recife",https://pe.olx.com.br/grande-recife/imoveis/kitnet-com-ou-sem-moveis-no-bairro-do-cordeiro-1346049210,Apartamentos,19/11/2024 22:03:04,True,-8.0602987,-34.9256774
73,Casa Apipucos Aluga-se,R$ 1.000,"Recife, Passarinho",https://pe.olx.com.br/grande-recife/imoveis/casa-apipucos-aluga-se-1323084775,Casas,19/11/2024 22:03:04,True,-8.055802,-34.921399
74,EstrelaFlat110,R$ 240,"Rua Demócrito de Souza Filho, Madalena, Recife",https://pe.olx.com.br/grande-recife/imoveis/estrelaflat110-1345698779,Apartamentos,19/11/2024 22:03:04,True,-8.057334,-34.9059977
75,Alugase quartos para solteiros por temporada...,R$ 600,"Rua Pio IX, Torre, Recife",https://pe.olx.com.br/grande-recife/imoveis/alugase-quartos-para-solteiros-por-temporada-1329915150,Aluguel de quartos,19/11/2024 22:03:04,True,-23.6208095,-46.7168085
76,Alugo kitnet ,R$ 650,"Rua Capitão João Roma, Cordeiro, Recife",https://pe.olx.com.br/grande-recife/imoveis/alugo-kitnet-1345547390,Apartamentos,19/11/2024 22:03:04,True,-8.0562443,-34.9249131
77,Casa pra alugar torrões,R$ 600,"Rua Doutor Antônio Correia de Oliveira, Torrões, Recife",https://pe.olx.com.br/grande-recife/imoveis/casa-pra-alugar-torroes-1345464671,Casas,19/11/2024 22:03:04,True,-8.065118,-34.933476
78,Kitnet ,R$ 500,"Rua São José, Caxangá, Recife",https://pe.olx.com.br/grande-recife/imoveis/kitnet-1345366325,Casas,19/11/2024 22:03:04,True,-8.0238191,-34.947507
79,Kitnets para alugar ,R$ 330,"Rua Governador Eduardo Henrique de Acioly Campos, Passarinho, Recife",https://pe.olx.com.br/grande-recife/imoveis/kitnets-para-alugar-1345199525,Casas,19/11/2024 22:03:04,True,-11.009881,-41.892123
80,"Aproveite kitnet na Várzea, Jardim Petrópolis",R$ 400,"Rua Hugo Napoleão, Várzea, Recife",https://pe.olx.com.br/grande-recife/imoveis/aproveite-kitnet-na-varzea-jardim-petropolis-1324426993,Casas,19/11/2024 22:03:04,True,-8.0382038,-34.9630518
81,Alugo quarto para mulheres,R$ 800,"Rua José Bonifácio, Torre, Recife",https://pe.olx.com.br/grande-recife/imoveis/alugo-quarto-para-mulheres-1344797898,Aluguel de quartos,19/11/2024 22:03:04,True,-22.377077,-41.7855375
82,Alugo 1  quarto Feminino,R$ 600,"Vila Eliete, Cordeiro, Recife",https://pe.olx.com.br/grande-recife/imoveis/alugo-1-quarto-feminino-1344765155,Aluguel de quartos,19/11/2024 22:03:04,True,-8.022673,-34.928116
83,casa para alugar,R$ 500,"Rua Borges da Fonseca, Iputinga, Recife",https://pe.olx.com.br/grande-recife/imoveis/casa-para-alugar-1344639867,Casas,19/11/2024 22:03:04,True,-8.0478533,-34.9429345
84,Casa para Alugar - Oportunidade Imperdível!,R$ 700,"Avenida Professor Artur de Sá, Várzea, Recife",https://pe.olx.com.br/grande-recife/imoveis/casa-para-alugar-oportunidade-imperdivel-1342967078,Apartamentos,19/11/2024 22:03:04,True,-8.0463426,-34.9559658
85,Casa Ponta de Serrambi 5 Quartos,R$ 800,"Rua Pessoa de Melo, Madalena, Recife",https://pe.olx.com.br/grande-recife/imoveis/casa-ponta-de-serrambi-5-quartos-1322649810,Casas,19/11/2024 22:03:04,True,-8.0523679,-34.9075562
86,Aluguel de casa no Cordeiro ,R$ 700,"Rua Joaquim Alheiros, Cordeiro, Recife",https://pe.olx.com.br/grande-recife/imoveis/aluguel-de-casa-no-cordeiro-1344074036,Casas,19/11/2024 22:03:04,True,-8.0459986,-34.9200064
87,A casa fica localizada  em um condomínio  de frente  ao campo de passarinho,R$ 600,"Rua Canário, Passarinho, Recife",https://pe.olx.com.br/grande-recife/imoveis/a-casa-fica-localizada-em-um-condominio-de-frente-ao-campo-de-passarinho-1344050147,Casas,19/11/2024 22:03:04,True,-7.9796402,-34.9173208
88,Alugo kitnet ,R$ 550,"2ª Travessa Cordislândia, Iputinga, Recife",https://pe.olx.com.br/grande-recife/imoveis/alugo-kitnet-1343870588,Apartamentos,19/11/2024 22:03:04,True,-8.042791,-34.929521
89,Aluga-se Kitnet (Flat/Studio) *INDISPONÍVEL*,R$ 780,"Rua Gaspar Perez, Iputinga, Recife",https://pe.olx.com.br/grande-recife/imoveis/aluga-se-kitnet-flat-studio-indisponivel-1343782183,Apartamentos,19/11/2024 22:03:04,True,-8.0473952,-34.9429101
90,"Kitnet para moças , no coração do Cordeiro.",R$ 700,"Rua Pierre Cúrie, Cordeiro, Recife",https://pe.olx.com.br/grande-recife/imoveis/kitnet-para-mocas-no-coracao-do-cordeiro-1343734614,Apartamentos,19/11/2024 22:03:04,True,-8.0453639,-34.9191105
91,Sala comercial próximo UFPE,R$ 800,"Rua Acadêmico Hélio Ramos, Cidade Universitária, Recife",https://pe.olx.com.br/grande-recife/imoveis/sala-comercial-proximo-ufpe-1342005902,Apartamentos,19/11/2024 22:03:04,True,-8.0496718,-34.9546585
92,Aluguel de quarto na Torre,R$ 750,"Rua Real da Torre, Torre, Recife",https://pe.olx.com.br/grande-recife/imoveis/aluguel-de-quarto-na-torre-1343585739,Aluguel de quartos,19/11/2024 22:03:04,True,-28.220271,-48.707366
93,Kitnet cidade universitária ,R$ 950,"Rua General Polidoro, Várzea, Recife",https://pe.olx.com.br/grande-recife/imoveis/kitnet-cidade-universitaria-1343072656,Aluguel de quartos,19/11/2024 22:03:04,True,-8.0373588,-34.9456277
94,aluga se apartamento na várzea ,R$ 700,"Rua Francisco Correia de Araújo, Várzea, Recife",https://pe.olx.com.br/grande-recife/imoveis/aluga-se-apartamento-na-varzea-1342912612,Apartamentos,19/11/2024 22:03:04,True,-8.0422408,-34.9461573
95,"FLAT ao lado da UFPE *R$  870,00 * Em frente ao DEPT de FARMÁCIA UFPE",R$ 870,"Recife, Cidade Universitária",https://pe.olx.com.br/grande-recife/imoveis/flat-ao-lado-da-ufpe-r-870-00-em-frente-ao-dept-de-farmacia-ufpe-1076243263,Aluguel de quartos,19/11/2024 22:03:04,True,-8.055802,-34.921399
96,"Ap 1 quarto na ur7, 1? andar, sem garagem",R$ 650,"Rua Caaporã, Várzea, Recife",https://pe.olx.com.br/grande-recife/imoveis/ap-1-quarto-na-ur7-1-andar-sem-garagem-1342573375,Apartamentos,19/11/2024 22:03:04,True,-8.0374839,-34.9770384
97,Alugasse quarto um vão só,R$ 400,"Rua Hugo Napoleão, Várzea, Recife",https://pe.olx.com.br/grande-recife/imoveis/alugasse-quarto-um-vao-so-1342296773,Aluguel de quartos,19/11/2024 22:03:04,True,-8.0382038,-34.9630518
98,Casa em Condomínio Fechado com Piscina e Área Gourmet,R$ 650,"Rua Amarati, Torre, Recife",https://pe.olx.com.br/grande-recife/imoveis/casa-em-condominio-fechado-com-piscina-e-area-gourmet-1341920998,Casas,19/11/2024 22:03:04,True,-8.0428561,-34.9118451
99,Vagas em apartamento na Torre para mulheres,R$ 950,"Recife, Torre",https://pe.olx.com.br/grande-recife/imoveis/vagas-em-apartamento-na-torre-para-mulheres-1341138742,Aluguel de quartos,19/11/2024 22:03:04,True,-8.055802,-34.921399
100,Alugo casa em itamaracá ,R$ 950,"Avenida Múcio Uchôa Cavalcanti, Engenho do Meio, Recife",https://pe.olx.com.br/grande-recife/imoveis/alugo-casa-em-itamaraca-1341048336,Casas,19/11/2024 22:03:04,True,-8.049707,-34.941857
101,Ponto pra alugar ,R$ 400,"Rua Barão da Soledade, Iputinga, Recife",https://pe.olx.com.br/grande-recife/imoveis/ponto-pra-alugar-1340790521,Aluguel de quartos,19/11/2024 22:03:04,True,-8.0368711,-34.9288973
102,Imóvel para aluguel c/51 M² com 2 quartos em Várzea - Recife - PE,R$ 800,"Rua Gastão Vidigal, Várzea, Recife",https://pe.olx.com.br/grande-recife/imoveis/imovel-para-aluguel-c-51-m-com-2-quartos-em-varzea-recife-pe-1340495022,Apartamentos,19/11/2024 22:03:04,True,-8.0321643,-34.9592364
103,Quarto estudantil para alugar na Cidade Universitária,R$ 600,"Rua Canaã, Cidade Universitária, Recife",https://pe.olx.com.br/grande-recife/imoveis/quarto-estudantil-para-alugar-na-cidade-universitaria-1340007016,Aluguel de quartos,19/11/2024 22:03:04,True,-8.0148472,-34.9238903
104,"Kit Cozinha Completo - Fogão, Pia e Refrigerador",R$ 950,"Rua Cassilândia, Várzea, Recife",https://pe.olx.com.br/grande-recife/imoveis/kit-cozinha-completo-fogao-pia-e-refrigerador-1339877816,Aluguel de quartos,19/11/2024 22:03:04,True,-8.0442312,-34.9495443
105,Quarto em Apto Na Polidoro Próx a UFPE ( Tudo Incluso ),R$ 350,"Rua Emiliano Braga, Várzea, Recife",https://pe.olx.com.br/grande-recife/imoveis/quarto-em-apto-na-polidoro-prox-a-ufpe-tudo-incluso-1317178468,Aluguel de quartos,19/11/2024 22:03:04,True,-8.0384222,-34.945364
106,Kitnet bem localizado ,R$ 550,"Rua Gomes Taborda, Cordeiro, Recife",https://pe.olx.com.br/grande-recife/imoveis/kitnet-bem-localizado-1339664378,Apartamentos,19/11/2024 22:03:04,True,-8.0559888,-34.9219378
107,Ketnet ,R$ 450,"Rua Rio Jaboatão, Cordeiro, Recife",https://pe.olx.com.br/grande-recife/imoveis/ketnet-1341355604,Casas,19/11/2024 22:03:04,True,-8.0514716,-34.9356308
108,Casa pra alugar ,R$ 650,"Rua Amarati, Torre, Recife",https://pe.olx.com.br/grande-recife/imoveis/casa-pra-alugar-1339278014,Casas,19/11/2024 22:03:04,True,-8.0428561,-34.9118451
109,Casa de vila para aluguel com 40 mts² com 2 quartos no Cordeiro - Recife .,R$ 650,"Rua Felixlândia, Torrões, Recife",https://pe.olx.com.br/grande-recife/imoveis/casa-de-vila-para-aluguel-com-40-mts-com-2-quartos-no-cordeiro-recife-1293934549,Casas,19/11/2024 22:03:05,True,-8.0542571,-34.9363085
110,"Apartamento para aluguel, 1 quarto, 1 vaga, Cordeiro - Recife/PE",R$ 880,"Rua Francisco Vita, Cordeiro, Recife",https://pe.olx.com.br/grande-recife/imoveis/apartamento-para-aluguel-1-quarto-1-vaga-cordeiro-recife-pe-1282369079,Apartamentos,19/11/2024 22:03:05,True,-8.0521195,-34.9260977
